Term,Meaning,Example
EMI,Equated Monthly Instalment - the fixed amount paid every month to repay a loan,"Rs 10,000 per month for 5 years"
Principal,The original amount borrowed,Borrowing Rs 5 lakh means principal = Rs 5 lakh
Tenure,The time period over which the loan is repaid,A 20-year home loan
Interest rate,"The cost of borrowing, charged as a % per year",10% per year
Credit score (CIBIL),A 3-digit number (300-900) showing how reliably a person repays loans,780 = good repayment history
Credit report,"Detailed record of a person's loans, cards and repayments",Shows a missed EMI in 2024
NH / NA score,No credit history - the person has never taken a loan or credit card,A fresh graduate
FOIR,Fixed Obligation to Income Ratio = (all monthly EMIs incl. new one / monthly income) x 100,"EMIs Rs 30,000 on income Rs 60,000 = 50%"
LTV,Loan-to-Value ratio = loan amount / value of the asset x 100,Rs 40 lakh loan on Rs 50 lakh flat = 80%
Collateral,An asset given as security; bank can take it if loan is not repaid,"House, car, gold"
Secured loan,A loan backed by collateral,Home loan
Unsecured loan,A loan with no collateral,Personal loan
Co-applicant,A second person who shares responsibility for repaying the loan,Parent in an education loan
Hypothecation,Asset stays with borrower but bank has a claim on it until loan is repaid,Car loan
Moratorium,A period during which EMIs do not have to be paid,Course period of an education loan
NPA,Non-Performing Asset - a loan on which payments are overdue for more than 90 days,Borrower stops paying for 4 months
KYC,Know Your Customer - verifying identity and address of a customer,Aadhaar + PAN submission
